{"cameraMode":{"drawMode":0,"name":"Shaded","section":"Shading Mode"},"sceneLighting":false,"audioPlay":false,"sceneViewState":{"m_AlwaysRefresh":false,"showFog":true,"showSkybox":false,"showFlares":true,"showImageEffects":true,"showParticleSystems":true,"showVisualEffectGraphs":true,"m_FxEnabled":true},"in2DMode":false,"pivot":{"x":-2.320991039276123,"y":13.989253044128418,"z":-8.539308547973633},"rotation":{"x":-0.18536655604839326,"y":-0.040989410132169726,"z":0.007765038404613733,"w":-0.981848955154419},"size":0.35276344418525698,"orthographic":false}