{"cameraMode":{"drawMode":0,"name":"Shaded","section":"Shading Mode"},"sceneLighting":false,"audioPlay":false,"sceneViewState":{"m_AlwaysRefresh":false,"showFog":true,"showSkybox":false,"showFlares":true,"showImageEffects":true,"showParticleSystems":true,"showVisualEffectGraphs":true,"m_FxEnabled":true},"in2DMode":false,"pivot":{"x":-13.144697189331055,"y":17.418560028076173,"z":-19.984163284301759},"rotation":{"x":-0.29509812593460085,"y":-0.31162551045417788,"z":0.1025170311331749,"w":-0.8974456787109375},"size":0.0017448790604248644,"orthographic":false}